06.03.2020,7
07.03.2020,4
08.03.2020,3
09.03.2020,3
10.03.2020,3
11.03.2020,8
12.03.2020,6
13.03.2020,11
14.03.2020,14
15.03.2020,4
16.03.2020,30
17.03.2020,21
18.03.2020,33
19.03.2020,52
20.03.2020,54
21.03.2020,53
22.03.2020,61
23.03.2020,71
24.03.2020,57
25.03.2020,163
26.03.2020,182
27.03.2020,196
28.03.2020,228
29.03.2020,270
30.03.2020,302
31.03.2020,501
01.04.2020,440
02.04.2020,771
03.04.2020,601
04.04.2020,582
05.04.2020,658
06.04.2020,954
07.04.2020,1154
08.04.2020,1175
09.04.2020,1459
10.04.2020,1786
11.04.2020,1667
12.04.2020,2186
13.04.2020,2558
14.04.2020,2774
15.04.2020,3388
16.04.2020,3448
17.04.2020,4070
18.04.2020,4785
19.04.2020,6060
20.04.2020,4268
21.04.2020,5642
22.04.2020,5236
23.04.2020,4774
24.04.2020,5849
25.04.2020,5966
26.04.2020,6361
27.04.2020,6198
28.04.2020,6411
29.04.2020,5841
30.04.2020,7099
01.05.2020,7933
02.05.2020,9623
03.05.2020,10633
04.05.2020,10581
05.05.2020,10102
06.05.2020,10559
07.05.2020,11231
08.05.2020,10699
09.05.2020,10817
10.05.2020,11012
11.05.2020,11656
12.05.2020,10899
13.05.2020,10028
14.05.2020,9974
15.05.2020,10598
16.05.2020,9200
17.05.2020,9709
18.05.2020,8926
19.05.2020,9263
20.05.2020,8764
21.05.2020,8849
22.05.2020,8894
23.05.2020,9434
24.05.2020,8599
25.05.2020,8946
26.05.2020,8915
27.05.2020,8338
28.05.2020,8371
29.05.2020,8572
30.05.2020,8952
31.05.2020,9268
01.06.2020,9035
02.06.2020,8863
03.06.2020,8536
04.06.2020,8831
05.06.2020,8726
06.06.2020,8855
07.06.2020,8984
08.06.2020,8985
09.06.2020,8595
10.06.2020,8404
11.06.2020,8779
12.06.2020,8987
13.06.2020,8706
14.06.2020,8835
15.06.2020,8246
16.06.2020,8248
17.06.2020,7843
18.06.2020,7790
19.06.2020,7972
20.06.2020,7889
21.06.2020,7728
22.06.2020,7600
23.06.2020,7425
24.06.2020,7176
25.06.2020,7113
26.06.2020,6800
27.06.2020,6852
28.06.2020,6791
29.06.2020,6719
30.06.2020,6693
01.07.2020,6556
02.07.2020,6760
03.07.2020,6718
04.07.2020,6632
05.07.2020,6736
06.07.2020,6611
07.07.2020,6368
08.07.2020,6562
09.07.2020,6509
10.07.2020,6635
11.07.2020,6611
12.07.2020,6615
13.07.2020,6537
14.07.2020,6248
15.07.2020,6422
16.07.2020,6428
17.07.2020,6406
18.07.2020,6234
19.07.2020,6109
20.07.2020,5940
21.07.2020,5842
22.07.2020,5862
23.07.2020,5848
24.07.2020,5811
25.07.2020,5871
26.07.2020,5765
27.07.2020,5635
28.07.2020,5395
29.07.2020,5475
30.07.2020,5509
31.07.2020,5482
01.08.2020,5462
02.08.2020,5427
03.08.2020,5394
04.08.2020,5159
05.08.2020,5204
06.08.2020,5267
07.08.2020,5241
08.08.2020,5212
09.08.2020,5189
10.08.2020,5118
11.08.2020,4945
12.08.2020,5102
13.08.2020,5057
14.08.2020,5065
15.08.2020,5061
16.08.2020,4969
17.08.2020,4892
18.08.2020,4748
19.08.2020,4828
20.08.2020,4785
21.08.2020,4870
22.08.2020,4921
23.08.2020,4852
24.08.2020,4744
25.08.2020,4696
26.08.2020,4676
27.08.2020,4711
28.08.2020,4829
29.08.2020,4941
30.08.2020,4980
31.08.2020,4993
01.09.2020,4729
02.09.2020,4952
03.09.2020,4995
04.09.2020,5110
05.09.2020,5205
06.09.2020,5195
07.09.2020,5185
08.09.2020,5099
09.09.2020,5218
10.09.2020,5363
11.09.2020,5504
12.09.2020,5488
13.09.2020,5449
14.09.2020,5509
15.09.2020,5529
16.09.2020,5670
17.09.2020,5762
18.09.2020,5905
19.09.2020,6065
20.09.2020,6148
21.09.2020,6196
22.09.2020,6215
23.09.2020,6431
24.09.2020,6595
25.09.2020,7212
26.09.2020,7523
27.09.2020,7867
28.09.2020,8135
29.09.2020,8232
30.09.2020,8481
01.10.2020,8945
02.10.2020,9412
03.10.2020,9859
04.10.2020,10499
05.10.2020,10888
06.10.2020,11615
07.10.2020,11115
08.10.2020,11493
09.10.2020,12126
10.10.2020,12846
11.10.2020,13634
12.10.2020,13592
13.10.2020,13868
14.10.2020,14231
15.10.2020,13754
16.10.2020,15150
17.10.2020,14922
18.10.2020,15099
19.10.2020,15982
20.10.2020,16319
21.10.2020,15700
22.10.2020,15971
23.10.2020,17340
24.10.2020,16521
25.10.2020,16710
26.10.2020,17347
27.10.2020,16550
28.10.2020,16202
29.10.2020,17717
30.10.2020,18283
31.10.2020,18140
01.11.2020,18665
02.11.2020,18257
03.11.2020,18648
04.11.2020,19768
05.11.2020,19404
06.11.2020,20582
07.11.2020,20396
08.11.2020,20498
09.11.2020,21798
10.11.2020,20977
11.11.2020,19851
12.11.2020,21608
13.11.2020,21983
14.11.2020,22702
15.11.2020,22572
16.11.2020,22778
17.11.2020,22410
18.11.2020,20985
19.11.2020,23610
20.11.2020,24318
21.11.2020,24822
22.11.2020,24581
23.11.2020,25173
24.11.2020,24326
25.11.2020,23675
26.11.2020,25487
27.11.2020,27543
28.11.2020,27100
29.11.2020,26683
30.11.2020,26338
01.12.2020,26402
02.12.2020,25345
03.12.2020,28145
04.12.2020,27403
05.12.2020,28782
06.12.2020,29039
07.12.2020,28142
08.12.2020,26097
09.12.2020,26190
10.12.2020,27927
11.12.2020,28585
12.12.2020,28137
13.12.2020,28080
14.12.2020,27328
15.12.2020,26689
16.12.2020,26509
17.12.2020,28214
18.12.2020,28552
19.12.2020,28209
20.12.2020,28948
21.12.2020,29350
22.12.2020,28776
23.12.2020,27250
24.12.2020,29935
25.12.2020,29018
26.12.2020,29258
27.12.2020,28284
28.12.2020,27787
29.12.2020,27002
30.12.2020,26513
31.12.2020,27747
01.01.2021,27039
02.01.2021,26301
03.01.2021,24150
04.01.2021,23351
05.01.2021,24246
06.01.2021,24217
07.01.2021,23541
08.01.2021,23652
09.01.2021,23309
10.01.2021,22851
11.01.2021,23315
12.01.2021,22934
13.01.2021,22850
14.01.2021,24763
15.01.2021,24715
16.01.2021,24092
17.01.2021,23586
18.01.2021,22857
19.01.2021,21734
20.01.2021,21152
21.01.2021,21887
22.01.2021,21513
23.01.2021,20921
24.01.2021,21127
25.01.2021,19290
26.01.2021,18241
27.01.2021,17741
28.01.2021,19138
29.01.2021,19238
30.01.2021,19032
31.01.2021,18359
01.02.2021,17648
02.02.2021,16643
03.02.2021,16474
04.02.2021,16714
05.02.2021,16688
06.02.2021,16627
07.02.2021,16048
08.02.2021,15916
09.02.2021,15019
10.02.2021,14494
11.02.2021,15038
12.02.2021,15089
13.02.2021,14861
14.02.2021,14185
15.02.2021,14207
16.02.2021,13233
17.02.2021,12828
18.02.2021,13447
19.02.2021,13433
20.02.2021,12953
21.02.2021,12742
22.02.2021,12604
23.02.2021,11823
24.02.2021,11749
25.02.2021,11198
26.02.2021,11086
27.02.2021,11534
28.02.2021,11359
01.03.2021,11571
02.03.2021,10565
03.03.2021,10535
04.03.2021,11385
05.03.2021,11024
06.03.2021,11022
07.03.2021,10595
08.03.2021,10253
09.03.2021,9445
10.03.2021,9079
11.03.2021,9270
12.03.2021,9794
13.03.2021,9908
14.03.2021,10083
15.03.2021,9437
16.03.2021,9393
17.03.2021,8998
18.03.2021,9803
19.03.2021,9699
20.03.2021,9632
21.03.2021,9299
22.03.2021,9284
23.03.2021,8457
24.03.2021,8861
25.03.2021,9221
26.03.2021,9167
27.03.2021,8885
28.03.2021,9088
29.03.2021,8711
30.03.2021,8277
31.03.2021,8275
01.04.2021,9169
02.04.2021,8792
03.04.2021,9021
04.04.2021,8817
05.04.2021,8646
06.04.2021,8328
07.04.2021,8294
08.04.2021,8672
09.04.2021,9150
10.04.2021,8704
11.04.2021,8702
12.04.2021,8320
13.04.2021,8173
14.04.2021,8326
15.04.2021,8944
16.04.2021,8995
17.04.2021,9321
18.04.2021,8632
19.04.2021,8589
20.04.2021,8164
21.04.2021,8271
22.04.2021,8996
23.04.2021,8840
24.04.2021,8828
25.04.2021,8780
26.04.2021,8803
27.04.2021,8053
28.04.2021,7848
29.04.2021,9284
30.04.2021,8731
01.05.2021,9270
02.05.2021,8697
03.05.2021,8489
04.05.2021,7770
05.05.2021,7975
06.05.2021,7639
07.05.2021,8386
08.05.2021,8329
09.05.2021,8419
10.05.2021,8465
11.05.2021,8115
12.05.2021,8217
13.05.2021,8380
14.05.2021,9462
15.05.2021,8790
16.05.2021,8554
17.05.2021,9328
18.05.2021,8183
19.05.2021,7920
20.05.2021,9232
21.05.2021,8937
22.05.2021,8709
23.05.2021,8951
24.05.2021,8406
25.05.2021,7884
26.05.2021,8373
27.05.2021,9039
28.05.2021,9252
29.05.2021,9289
30.05.2021,9694
31.05.2021,8475
01.06.2021,9500
02.06.2021,8832
03.06.2021,8933
04.06.2021,8947
05.06.2021,9145
06.06.2021,9163
07.06.2021,9429
08.06.2021,9977
09.06.2021,10407
10.06.2021,11699
11.06.2021,12505
12.06.2021,13510
13.06.2021,14723
14.06.2021,13721
15.06.2021,14185
16.06.2021,13397
17.06.2021,14057
18.06.2021,17262
19.06.2021,17906
20.06.2021,17611
21.06.2021,17378
22.06.2021,16715
23.06.2021,17594
24.06.2021,20182
25.06.2021,20393
26.06.2021,21665
27.06.2021,20538
28.06.2021,21650
29.06.2021,20616
30.06.2021,21042
01.07.2021,23543
02.07.2021,23218
03.07.2021,24439
04.07.2021,25142
05.07.2021,24353
06.07.2021,23378
07.07.2021,23962
08.07.2021,24818
09.07.2021,25766
10.07.2021,25082
11.07.2021,25033
12.07.2021,25140
13.07.2021,24702
14.07.2021,23827
15.07.2021,25293
16.07.2021,25704
17.07.2021,25116
18.07.2021,25018
19.07.2021,24633
20.07.2021,23770
21.07.2021,23704
22.07.2021,24471
23.07.2021,23811
24.07.2021,23947
25.07.2021,24072
26.07.2021,23239
27.07.2021,23032
28.07.2021,22420
29.07.2021,23270
30.07.2021,23564
31.07.2021,23807
01.08.2021,22804
02.08.2021,23508
03.08.2021,22010
04.08.2021,22589
05.08.2021,23120
06.08.2021,22660
07.08.2021,22320
08.08.2021,22866
09.08.2021,22160
10.08.2021,21378
11.08.2021,21571
12.08.2021,21932
13.08.2021,22277
14.08.2021,22144
15.08.2021,21624
16.08.2021,20765
17.08.2021,20958
18.08.2021,20914
19.08.2021,21058
20.08.2021,20992
21.08.2021,21000
22.08.2021,20564
23.08.2021,19454
24.08.2021,18833
25.08.2021,19536
26.08.2021,19630
27.08.2021,19509
28.08.2021,19492
29.08.2021,19286
30.08.2021,18325
31.08.2021,17813
01.09.2021,18368
02.09.2021,18985
03.09.2021,18856
04.09.2021,18780
05.09.2021,18645
06.09.2021,17856
07.09.2021,17425
08.09.2021,18024
09.09.2021,18380
10.09.2021,18341
11.09.2021,18891
12.09.2021,18554
13.09.2021,18178
14.09.2021,17837
15.09.2021,18841
16.09.2021,19594
17.09.2021,19905
18.09.2021,20329
19.09.2021,20174
20.09.2021,19744
21.09.2021,19179
22.09.2021,19706
23.09.2021,21438
24.09.2021,21379
25.09.2021,22041
26.09.2021,22498
27.09.2021,22236
28.09.2021,21559
29.09.2021,22430
30.09.2021,23888
01.10.2021,24522
02.10.2021,25219
03.10.2021,25769
04.10.2021,25781
