16.02.2020,15
17.02.2020,0
18.02.2020,0
19.02.2020,0
20.02.2020,0
21.02.2020,20
22.02.2020,0
23.02.2020,0
24.02.2020,18
25.02.2020,4
26.02.2020,3
27.02.2020,0
28.02.2020,3
29.02.2020,5
01.03.2020,7
02.03.2020,25
03.03.2020,24
04.03.2020,34
05.03.2020,63
06.03.2020,98
07.03.2020,116
08.03.2020,106
09.03.2020,163
10.03.2020,290
11.03.2020,307
12.03.2020,329
13.03.2020,553
14.03.2020,588
15.03.2020,846
16.03.2020,987
17.03.2020,1753
18.03.2020,2960
19.03.2020,4581
20.03.2020,5653
21.03.2020,4867
22.03.2020,9422
23.03.2020,10349
24.03.2020,11209
25.03.2020,13507
26.03.2020,17474
27.03.2020,18838
28.03.2020,19571
29.03.2020,20192
30.03.2020,20871
31.03.2020,25079
01.04.2020,26841
02.04.2020,30308
03.04.2020,32659
04.04.2020,34403
05.04.2020,25634
06.04.2020,31477
07.04.2020,33748
08.04.2020,32210
09.04.2020,33806
10.04.2020,33943
11.04.2020,30186
12.04.2020,27608
13.04.2020,26820
14.04.2020,27088
15.04.2020,30342
16.04.2020,29567
17.04.2020,32165
18.04.2020,28866
19.04.2020,26070
20.04.2020,28088
21.04.2020,25985
22.04.2020,29973
23.04.2020,31487
24.04.2020,44834
25.04.2020,35613
26.04.2020,26509
27.04.2020,23196
28.04.2020,25409
29.04.2020,28429
30.04.2020,30825
01.05.2020,36011
02.05.2020,29744
03.05.2020,27348
04.05.2020,24713
05.05.2020,24798
06.05.2020,25459
07.05.2020,29531
08.05.2020,29162
09.05.2020,25524
10.05.2020,20329
11.05.2020,18196
12.05.2020,22802
13.05.2020,21712
14.05.2020,27245
15.05.2020,26692
16.05.2020,23488
17.05.2020,19891
18.05.2020,22630
19.05.2020,20289
20.05.2020,21408
21.05.2020,28911
22.05.2020,24192
23.05.2020,21734
24.05.2020,19608
25.05.2020,19790
26.05.2020,19049
27.05.2020,20528
28.05.2020,22658
29.05.2020,25069
30.05.2020,23290
31.05.2020,20350
01.06.2020,22153
02.06.2020,21882
03.06.2020,20578
04.06.2020,22268
05.06.2020,41657
06.06.2020,22836
07.06.2020,18905
08.06.2020,19044
09.06.2020,19056
10.06.2020,20852
11.06.2020,23300
12.06.2020,27221
13.06.2020,25302
14.06.2020,19920
15.06.2020,20806
16.06.2020,25450
17.06.2020,27327
18.06.2020,27924
19.06.2020,33539
20.06.2020,33388
21.06.2020,26079
22.06.2020,31496
23.06.2020,36015
24.06.2020,39103
25.06.2020,41317
26.06.2020,48368
27.06.2020,43581
28.06.2020,40540
29.06.2020,44734
30.06.2020,46042
01.07.2020,52100
02.07.2020,57236
03.07.2020,53399
04.07.2020,45182
05.07.2020,47158
06.07.2020,57905
07.07.2020,56251
08.07.2020,61848
09.07.2020,61067
10.07.2020,71787
11.07.2020,63860
12.07.2020,58349
13.07.2020,65488
14.07.2020,65594
15.07.2020,71670
16.07.2020,78278
17.07.2020,74987
18.07.2020,63259
19.07.2020,65279
20.07.2020,62879
21.07.2020,67140
22.07.2020,72306
23.07.2020,69116
24.07.2020,78336
25.07.2020,67382
26.07.2020,56130
27.07.2020,61571
28.07.2020,64933
29.07.2020,69694
30.07.2020,66948
31.07.2020,70904
01.08.2020,58429
02.08.2020,49329
03.08.2020,48527
04.08.2020,56246
05.08.2020,55148
06.08.2020,58611
07.08.2020,63345
08.08.2020,54199
09.08.2020,49721
10.08.2020,52002
11.08.2020,54511
12.08.2020,54345
13.08.2020,55364
14.08.2020,60600
15.08.2020,53523
16.08.2020,36843
17.08.2020,45395
18.08.2020,43947
19.08.2020,44957
20.08.2020,45341
21.08.2020,50455
22.08.2020,44701
23.08.2020,32718
24.08.2020,41484
25.08.2020,40098
26.08.2020,44637
27.08.2020,46269
28.08.2020,49601
29.08.2020,42843
30.08.2020,34158
31.08.2020,38560
01.09.2020,45775
02.09.2020,33166
03.09.2020,44507
04.09.2020,53813
05.09.2020,42095
06.09.2020,29098
07.09.2020,25325
08.09.2020,28656
09.09.2020,35244
10.09.2020,38688
11.09.2020,48084
12.09.2020,40354
13.09.2020,31857
14.09.2020,40831
15.09.2020,38858
16.09.2020,40154
17.09.2020,46295
18.09.2020,51345
19.09.2020,41462
20.09.2020,37365
21.09.2020,41448
22.09.2020,51721
23.09.2020,41616
24.09.2020,45918
25.09.2020,58713
26.09.2020,43377
27.09.2020,33782
28.09.2020,40268
29.09.2020,44535
30.09.2020,41136
01.10.2020,47389
02.10.2020,54652
03.10.2020,53523
04.10.2020,34066
05.10.2020,42732
06.10.2020,43102
07.10.2020,53478
08.10.2020,57539
09.10.2020,60715
10.10.2020,51027
11.10.2020,46493
12.10.2020,45791
13.10.2020,52464
14.10.2020,59790
15.10.2020,66272
16.10.2020,72118
17.10.2020,54232
18.10.2020,45134
19.10.2020,68854
20.10.2020,63654
21.10.2020,64512
22.10.2020,76832
23.10.2020,85302
24.10.2020,80979
25.10.2020,61247
26.10.2020,73604
27.10.2020,75247
28.10.2020,83207
29.10.2020,93599
30.10.2020,101461
31.10.2020,86293
01.11.2020,76048
02.11.2020,119427
03.11.2020,94463
04.11.2020,108827
05.11.2020,118167
06.11.2020,139064
07.11.2020,124232
08.11.2020,105662
09.11.2020,133476
10.11.2020,143866
11.11.2020,142808
12.11.2020,172207
13.11.2020,183527
14.11.2020,161674
15.11.2020,140341
16.11.2020,172071
17.11.2020,157261
18.11.2020,178016
19.11.2020,196985
20.11.2020,204014
21.11.2020,175940
22.11.2020,137995
23.11.2020,188710
24.11.2020,177636
25.11.2020,182955
26.11.2020,110714
27.11.2020,205578
28.11.2020,156103
29.11.2020,140047
30.11.2020,169466
01.12.2020,188620
02.12.2020,205451
03.12.2020,221255
04.12.2020,237339
05.12.2020,210890
06.12.2020,176104
07.12.2020,209517
08.12.2020,222663
09.12.2020,228333
10.12.2020,219351
11.12.2020,256065
12.12.2020,253908
13.12.2020,187901
14.12.2020,205555
15.12.2020,200957
16.12.2020,248839
17.12.2020,234152
18.12.2020,261583
19.12.2020,189415
20.12.2020,189811
21.12.2020,206137
22.12.2020,210912
23.12.2020,232524
24.12.2020,194174
25.12.2020,98840
26.12.2020,223681
27.12.2020,140000
28.12.2020,207777
29.12.2020,196080
30.12.2020,239287
31.12.2020,228663
01.01.2021,171692
02.01.2021,287355
03.01.2021,208827
04.01.2021,239523
05.01.2021,225555
06.01.2021,279010
07.01.2021,274429
08.01.2021,324857
09.01.2021,243036
10.01.2021,217396
11.01.2021,232451
12.01.2021,230098
13.01.2021,236462
14.01.2021,232065
15.01.2021,254019
17.01.2021,379621
18.01.2021,144326
19.01.2021,180588
20.01.2021,192011
21.01.2021,197111
22.01.2021,193956
23.01.2021,176747
24.01.2021,135336
25.01.2021,159472
26.01.2021,149625
27.01.2021,154979
28.01.2021,172406
29.01.2021,173586
30.01.2021,143547
31.01.2021,111489
01.02.2021,144146
02.02.2021,115972
03.02.2021,123110
04.02.2021,123433
05.02.2021,133434
06.02.2021,112312
07.02.2021,91767
08.02.2021,89226
09.02.2021,99317
10.02.2021,97268
11.02.2021,105026
12.02.2021,104464
13.02.2021,90260
14.02.2021,64506
15.02.2021,56233
16.02.2021,63517
17.02.2021,72306
18.02.2021,69998
19.02.2021,80289
20.02.2021,102660
21.02.2021,58950
22.02.2021,60884
23.02.2021,71411
24.02.2021,76905
25.02.2021,77639
26.02.2021,84650
27.02.2021,65912
28.02.2021,52520
01.03.2021,58910
02.03.2021,56451
03.03.2021,85672
04.03.2021,69709
05.03.2021,67618
06.03.2021,60187
07.03.2021,42359
08.03.2021,48402
09.03.2021,56854
10.03.2021,60618
11.03.2021,63778
12.03.2021,67521
13.03.2021,50239
14.03.2021,37995
15.03.2021,56929
16.03.2021,53638
17.03.2021,102574
18.03.2021,64082
19.03.2021,66907
20.03.2021,56340
21.03.2021,39638
22.03.2021,55197
23.03.2021,59572
24.03.2021,67758
25.03.2021,69741
26.03.2021,78999
27.03.2021,64098
28.03.2021,45673
29.03.2021,70998
30.03.2021,63353
31.03.2021,69190
01.04.2021,78295
02.04.2021,69986
03.04.2021,68501
04.04.2021,37205
05.04.2021,70232
06.04.2021,69875
07.04.2021,76805
08.04.2021,80161
09.04.2021,85368
10.04.2021,67208
11.04.2021,48611
12.04.2021,71552
13.04.2021,80641
14.04.2021,78439
15.04.2021,74916
16.04.2021,81773
17.04.2021,66207
18.04.2021,32335
19.04.2021,70589
20.04.2021,61427
21.04.2021,65581
22.04.2021,67070
23.04.2021,66583
24.04.2021,53949
25.04.2021,34736
26.04.2021,50656
27.04.2021,52046
28.04.2021,56604
29.04.2021,60373
30.04.2021,59906
01.05.2021,42034
02.05.2021,34433
03.05.2021,50120
04.05.2021,44098
05.05.2021,46585
06.05.2021,47948
07.05.2021,49634
08.05.2021,35755
09.05.2021,22200
10.05.2021,38527
11.05.2021,34807
12.05.2021,36021
13.05.2021,39961
14.05.2021,37916
15.05.2021,31903
16.05.2021,20035
17.05.2021,31488
18.05.2021,27506
19.05.2021,27379
20.05.2021,30857
21.05.2021,29217
22.05.2021,19935
23.05.2021,14327
24.05.2021,26277
25.05.2021,24252
26.05.2021,24018
27.05.2021,28473
28.05.2021,22977
29.05.2021,12661
30.05.2021,7750
31.05.2021,70078
01.06.2021,23592
02.06.2021,17567
03.06.2021,20447
04.06.2021,17271
05.06.2021,12351
06.06.2021,6408
07.06.2021,16455
08.06.2021,15629
09.06.2021,21861
10.06.2021,-3824
11.06.2021,45543
12.06.2021,9427
13.06.2021,5285
14.06.2021,14081
15.06.2021,16946
16.06.2021,13800
17.06.2021,11607
18.06.2021,15677
19.06.2021,8443
20.06.2021,4289
21.06.2021,13837
22.06.2021,14965
23.06.2021,14201
24.06.2021,15952
25.06.2021,17716
26.06.2021,7462
27.06.2021,4543
28.06.2021,16959
29.06.2021,15857
30.06.2021,13352
01.07.2021,20558
02.07.2021,18795
03.07.2021,7978
04.07.2021,4201
05.07.2021,5984
06.07.2021,24329
07.07.2021,21212
08.07.2021,32994
09.07.2021,34520
10.07.2021,14695
11.07.2021,6642
12.07.2021,18936
13.07.2021,27201
14.07.2021,33731
15.07.2021,37860
16.07.2021,79375
17.07.2021,24081
18.07.2021,9970
19.07.2021,54693
20.07.2021,18887
21.07.2021,108989
22.07.2021,67118
23.07.2021,1996
24.07.2021,-30919
25.07.2021,14794
26.07.2021,51988
27.07.2021,102470
28.07.2021,133567
29.07.2021,96782
30.07.2021,104234
31.07.2021,56518
01.08.2021,23900
02.08.2021,127056
03.08.2021,153035
04.08.2021,127456
05.08.2021,125273
06.08.2021,145379
07.08.2021,71825
08.08.2021,24390
09.08.2021,237142
10.08.2021,111735
11.08.2021,163701
12.08.2021,147733
13.08.2021,161051
14.08.2021,71135
15.08.2021,30883
16.08.2021,270268
17.08.2021,159596
18.08.2021,176074
19.08.2021,159131
20.08.2021,166809
21.08.2021,120698
22.08.2021,25850
23.08.2021,269452
24.08.2021,154329
25.08.2021,188324
26.08.2021,184904
27.08.2021,198248
28.08.2021,77016
29.08.2021,48098
31.08.2021,448584
01.09.2021,216613
02.09.2021,182306
03.09.2021,190656
04.09.2021,61682
05.09.2021,39903
06.09.2021,60535
07.09.2021,233818
08.09.2021,140216
09.09.2021,160580
10.09.2021,341285
11.09.2021,74975
12.09.2021,36694
13.09.2021,177309
14.09.2021,257534
15.09.2021,191575
16.09.2021,154274
17.09.2021,165853
18.09.2021,66898
19.09.2021,34101
20.09.2021,206722
21.09.2021,134674
22.09.2021,162575
23.09.2021,127614
24.09.2021,137205
25.09.2021,55908
26.09.2021,25379
27.09.2021,109943
28.09.2021,193899
29.09.2021,144671
30.09.2021,114928
01.10.2021,128981
02.10.2021,47492
03.10.2021,27540
